id,team_name,table_name,crop_name,states_uts,year,area,production
1,yash_raj_productions,7_03_33,Tapioca,ANDHRA PRADESH,2016,10.98,164.77
2,yash_raj_productions,7_03_33,Tapioca,ANDHRA PRADESH,2017,13.42,202.94
3,yash_raj_productions,7_03_33,Tapioca,ANDHRA PRADESH,2018,12.68,192.15
4,yash_raj_productions,7_03_33,Tapioca,ARUNACHAL PRADESH,2016,0,0
5,yash_raj_productions,7_03_33,Tapioca,ARUNACHAL PRADESH,2017,0,0
6,yash_raj_productions,7_03_33,Tapioca,ARUNACHAL PRADESH,2018,0.05,0.08
7,yash_raj_productions,7_03_33,Tapioca,ASSAM,2016,3.17,29.18
8,yash_raj_productions,7_03_33,Tapioca,ASSAM,2017,3.27,30.05
9,yash_raj_productions,7_03_33,Tapioca,ASSAM,2018,3.12,28.87
10,yash_raj_productions,7_03_33,Tapioca,KARNATAKA,2016,1.16,14.76
11,yash_raj_productions,7_03_33,Tapioca,KARNATAKA,2017,1.06,13.75
12,yash_raj_productions,7_03_33,Tapioca,KARNATAKA,2018,1.08,13.99
13,yash_raj_productions,7_03_33,Tapioca,KERALA,2016,86.94,1212.8
14,yash_raj_productions,7_03_33,Tapioca,KERALA,2017,88.36,1199.61
15,yash_raj_productions,7_03_33,Tapioca,KERALA,2018,54.73,1725.98
16,yash_raj_productions,7_03_33,Tapioca,MADHYA PRADESH,2016,0.11,2.25
17,yash_raj_productions,7_03_33,Tapioca,MADHYA PRADESH,2017,0.26,3.75
18,yash_raj_productions,7_03_33,Tapioca,MADHYA PRADESH,2018,0.28,4.29
19,yash_raj_productions,7_03_33,Tapioca,MEGHALAYA,2016,5.41,33.3
20,yash_raj_productions,7_03_33,Tapioca,MEGHALAYA,2017,6.35,40.15
21,yash_raj_productions,7_03_33,Tapioca,MEGHALAYA,2018,5.49,36.24
22,yash_raj_productions,7_03_33,Tapioca,NAGALAND,2016,4.91,70.06
23,yash_raj_productions,7_03_33,Tapioca,NAGALAND,2017,5.49,79.55
24,yash_raj_productions,7_03_33,Tapioca,NAGALAND,2018,5.47,79.32
25,yash_raj_productions,7_03_33,Tapioca,ODISHA,2016,0.07,1.1
26,yash_raj_productions,7_03_33,Tapioca,ODISHA,2017,0.07,1.12
27,yash_raj_productions,7_03_33,Tapioca,ODISHA,2018,0.07,1.12
28,yash_raj_productions,7_03_33,Tapioca,TAMIL NADU,2016,90.51,2810.03
29,yash_raj_productions,7_03_33,Tapioca,TAMIL NADU,2017,80.12,2595.5
30,yash_raj_productions,7_03_33,Tapioca,TAMIL NADU,2018,89.61,2862.14
31,yash_raj_productions,7_03_33,Tapioca,OTHERS,2016,0.25,5.9
32,yash_raj_productions,7_03_33,Tapioca,OTHERS,2017,0.27,4.34
33,yash_raj_productions,7_03_33,Tapioca,OTHERS,2018,0.25,5.45
34,yash_raj_productions,7_03_34,Tomato,ANDHRA PRADESH,2016,59.08,2236.56
35,yash_raj_productions,7_03_34,Tomato,ANDHRA PRADESH,2017,49.79,4481.01
36,yash_raj_productions,7_03_34,Tomato,ANDHRA PRADESH,2018,61.67,2744.32
37,yash_raj_productions,7_03_34,Tomato,ARUNACHAL PRADESH,2016,0.23,3.32
38,yash_raj_productions,7_03_34,Tomato,ARUNACHAL PRADESH,2017,0.23,2.11
39,yash_raj_productions,7_03_34,Tomato,ARUNACHAL PRADESH,2018,0.25,2.15
40,yash_raj_productions,7_03_34,Tomato,ASSAM,2016,17.66,445.02
41,yash_raj_productions,7_03_34,Tomato,ASSAM,2017,18.18,393.6
42,yash_raj_productions,7_03_34,Tomato,ASSAM,2018,18.28,396.24
43,yash_raj_productions,7_03_34,Tomato,BIHAR,2016,45.81,1001.01
44,yash_raj_productions,7_03_34,Tomato,BIHAR,2017,46.21,1009.6
45,yash_raj_productions,7_03_34,Tomato,BIHAR,2018,45.01,941.56
46,yash_raj_productions,7_03_34,Tomato,CHHATTISGARH,2016,54.91,908.98
47,yash_raj_productions,7_03_34,Tomato,CHHATTISGARH,2017,62.33,1082.34
48,yash_raj_productions,7_03_34,Tomato,CHHATTISGARH,2018,63.29,1087.33
49,yash_raj_productions,7_03_34,Tomato,GUJARAT,2016,46.4,1319.11
50,yash_raj_productions,7_03_34,Tomato,GUJARAT,2017,48.76,1411.85
51,yash_raj_productions,7_03_34,Tomato,GUJARAT,2018,46.61,1357.52
52,yash_raj_productions,7_03_34,Tomato,HARYANA,2016,29.03,675.38
53,yash_raj_productions,7_03_34,Tomato,HARYANA,2017,31.82,643.59
54,yash_raj_productions,7_03_34,Tomato,HARYANA,2018,34.99,753.72
55,yash_raj_productions,7_03_34,Tomato,HIMACHAL PRADESH,2016,11.04,485.54
56,yash_raj_productions,7_03_34,Tomato,HIMACHAL PRADESH,2017,11.06,473.28
57,yash_raj_productions,7_03_34,Tomato,HIMACHAL PRADESH,2018,11.24,481.94
58,yash_raj_productions,7_03_34,Tomato,JAMMU & KASHMIR,2016,3.58,88.09
59,yash_raj_productions,7_03_34,Tomato,JAMMU & KASHMIR,2017,3.56,92.55
60,yash_raj_productions,7_03_34,Tomato,JAMMU & KASHMIR,2018,2.28,52.96
61,yash_raj_productions,7_03_34,Tomato,JHARKHAND,2016,18.16,230.19
62,yash_raj_productions,7_03_34,Tomato,JHARKHAND,2017,19.75,231.46
63,yash_raj_productions,7_03_34,Tomato,JHARKHAND,2018,20.11,265.26
64,yash_raj_productions,7_03_34,Tomato,KARNATAKA,2016,60.98,
65,yash_raj_productions,7_03_34,Tomato,KARNATAKA,2017,60.45,1916.86
66,yash_raj_productions,7_03_34,Tomato,KARNATAKA,2018,64.25,2081.59
67,yash_raj_productions,7_03_34,Tomato,KERALA,2016,3.12,58.8
68,yash_raj_productions,7_03_34,Tomato,KERALA,2017,0.27,3.49
69,yash_raj_productions,7_03_34,Tomato,KERALA,2018,0.64,12.61
70,yash_raj_productions,7_03_34,Tomato,MADHYA PRADESH,2016,73.7,2285.9
71,yash_raj_productions,7_03_34,Tomato,MADHYA PRADESH,2017,95.4,2719.57
72,yash_raj_productions,7_03_34,Tomato,MADHYA PRADESH,2018,84.53,2419.28
73,yash_raj_productions,7_03_34,Tomato,MAHARASHTRA,2016,44.24,976.58
74,yash_raj_productions,7_03_34,Tomato,MAHARASHTRA,2017,50.71,1124.89
75,yash_raj_productions,7_03_34,Tomato,MAHARASHTRA,2018,45.5,1086.56
76,yash_raj_productions,7_03_34,Tomato,MANIPUR,2016,3.06,31.61
77,yash_raj_productions,7_03_34,Tomato,MANIPUR,2017,17.64,65.76
78,yash_raj_productions,7_03_34,Tomato,MANIPUR,2018,3.15,33.72
79,yash_raj_productions,7_03_34,Tomato,MEGHALAYA,2016,2.15,34.02
80,yash_raj_productions,7_03_34,Tomato,MEGHALAYA,2017,2.16,34.5
81,yash_raj_productions,7_03_34,Tomato,MEGHALAYA,2018,2.2,35.51
82,yash_raj_productions,7_03_34,Tomato,MIZORAM,2016,1.09,10.2
83,yash_raj_productions,7_03_34,Tomato,MIZORAM,2017,1.29,12.85
84,yash_raj_productions,7_03_34,Tomato,MIZORAM,2018,1.47,11.87
85,yash_raj_productions,7_03_34,Tomato,NAGALAND,2016,2.87,20.1
86,yash_raj_productions,7_03_34,Tomato,NAGALAND,2017,3.1,22.16
87,yash_raj_productions,7_03_34,Tomato,NAGALAND,2018,3.12,22.47
88,yash_raj_productions,7_03_34,Tomato,ODISHA,2016,90.91,1290.99
89,yash_raj_productions,7_03_34,Tomato,ODISHA,2017,90.99,1311.21
90,yash_raj_productions,7_03_34,Tomato,ODISHA,2018,91.01,1312.07
91,yash_raj_productions,7_03_34,Tomato,PUNJAB,2016,7.69,191.18
92,yash_raj_productions,7_03_34,Tomato,PUNJAB,2017,8.07,200.38
93,yash_raj_productions,7_03_34,Tomato,PUNJAB,2018,9.01,224.26
94,yash_raj_productions,7_03_34,Tomato,RAJASTHAN,2016,20.51,83.29
95,yash_raj_productions,7_03_34,Tomato,RAJASTHAN,2017,20.37,90.52
96,yash_raj_productions,7_03_34,Tomato,RAJASTHAN,2018,18.12,88.73
97,yash_raj_productions,7_03_34,Tomato,SIKKIM,2016,0.55,4.25
98,yash_raj_productions,7_03_34,Tomato,SIKKIM,2017,0.53,4.08
99,yash_raj_productions,7_03_34,Tomato,SIKKIM,2018,0.98,8.03
100,yash_raj_productions,7_03_34,Tomato,TAMIL NADU,2016,29.8,645.7
101,yash_raj_productions,7_03_34,Tomato,TAMIL NADU,2017,26.34,629.16
102,yash_raj_productions,7_03_34,Tomato,TAMIL NADU,2018,29.08,887.08
103,yash_raj_productions,7_03_34,Tomato,TELANGANA,2016,57.97,1475
104,yash_raj_productions,7_03_34,Tomato,TELANGANA,2017,37.97,520.47
105,yash_raj_productions,7_03_34,Tomato,TELANGANA,2018,41.48,1171.5
106,yash_raj_productions,7_03_34,Tomato,TRIPURA,2016,1.81,53.81
107,yash_raj_productions,7_03_34,Tomato,TRIPURA,2017,1.83,57.33
108,yash_raj_productions,7_03_34,Tomato,TRIPURA,2018,1.82,56.5
109,yash_raj_productions,7_03_34,Tomato,UTTAR PRADESH,2016,20.75,819.37
110,yash_raj_productions,7_03_34,Tomato,UTTAR PRADESH,2017,20.99,831.51
111,yash_raj_productions,7_03_34,Tomato,UTTAR PRADESH,2018,21.24,841.61
112,yash_raj_productions,7_03_34,Tomato,UTTARAKHAND,2016,8.55,93.22
113,yash_raj_productions,7_03_34,Tomato,UTTARAKHAND,2017,8.63,94.01
114,yash_raj_productions,7_03_34,Tomato,UTTARAKHAND,2018,9.2,103.85
115,yash_raj_productions,7_03_34,Tomato,WEST BENGAL,2016,57.17,1204.43
116,yash_raj_productions,7_03_34,Tomato,WEST BENGAL,2017,57.35,1233.03
117,yash_raj_productions,7_03_34,Tomato,WEST BENGAL,2018,57.46,1265.25
118,yash_raj_productions,7_03_34,Tomato,OTHERS,2016,1.08,14.2
119,yash_raj_productions,7_03_34,Tomato,OTHERS,2017,1.1,15.28
120,yash_raj_productions,7_03_34,Tomato,OTHERS,2018,1.19,13.84
121,yash_raj_productions,7_03_35,Watermelon,ANDHRA PRADESH,2016,7.24,206.6
122,yash_raj_productions,7_03_35,Watermelon,ANDHRA PRADESH,2017,6.88,206.49
123,yash_raj_productions,7_03_35,Watermelon,ANDHRA PRADESH,2018,11.02,360.08
124,yash_raj_productions,7_03_35,Watermelon,BIHAR,2016,1.4,29.7
125,yash_raj_productions,7_03_35,Watermelon,BIHAR,2017,1.4,29.7
126,yash_raj_productions,7_03_35,Watermelon,BIHAR,2018,1.48,23.73
127,yash_raj_productions,7_03_35,Watermelon,CHHATTISGARH,2016,3.2,52.13
128,yash_raj_productions,7_03_35,Watermelon,CHHATTISGARH,2017,3,47.54
129,yash_raj_productions,7_03_35,Watermelon,CHHATTISGARH,2018,3.71,38.86
130,yash_raj_productions,7_03_35,Watermelon,HARYANA,2016,5.49,58.46
131,yash_raj_productions,7_03_35,Watermelon,HARYANA,2017,5.45,48.72
132,yash_raj_productions,7_03_35,Watermelon,HARYANA,2018,5.8,82.89
133,yash_raj_productions,7_03_35,Watermelon,JAMMU & KASHMIR,2016,0,0
134,yash_raj_productions,7_03_35,Watermelon,JAMMU & KASHMIR,2017,0.25,8.25
135,yash_raj_productions,7_03_35,Watermelon,JAMMU & KASHMIR,2018,0,0
136,yash_raj_productions,7_03_35,Watermelon,KARNATAKA,2016,11.17,370.04
137,yash_raj_productions,7_03_35,Watermelon,KARNATAKA,2017,10.62,343.72
138,yash_raj_productions,7_03_35,Watermelon,KARNATAKA,2018,10.18,336.85
139,yash_raj_productions,7_03_35,Watermelon,KERALA,2016,0.22,1.03
140,yash_raj_productions,7_03_35,Watermelon,KERALA,2017,0.02,0.94
141,yash_raj_productions,7_03_35,Watermelon,KERALA,2018,0.1,0.87
142,yash_raj_productions,7_03_35,Watermelon,MADHYA PRADESH,2016,5.01,117.34
143,yash_raj_productions,7_03_35,Watermelon,MADHYA PRADESH,2017,7.44,184.69
144,yash_raj_productions,7_03_35,Watermelon,MADHYA PRADESH,2018,8.37,215.34
145,yash_raj_productions,7_03_35,Watermelon,MAHARASHTRA,2016,5.67,152.48
146,yash_raj_productions,7_03_35,Watermelon,MAHARASHTRA,2017,0,0
147,yash_raj_productions,7_03_35,Watermelon,MAHARASHTRA,2018,1.76,46.99
148,yash_raj_productions,7_03_35,Watermelon,MIZORAM,2016,0.26,0.94
149,yash_raj_productions,7_03_35,Watermelon,MIZORAM,2017,0.32,0.94
150,yash_raj_productions,7_03_35,Watermelon,MIZORAM,2018,0.32,0.94
151,yash_raj_productions,7_03_35,Watermelon,NAGALAND,2016,0.11,0.99
152,yash_raj_productions,7_03_35,Watermelon,NAGALAND,2017,0.13,1.21
153,yash_raj_productions,7_03_35,Watermelon,NAGALAND,2018,0.12,1.2
154,yash_raj_productions,7_03_35,Watermelon,ODISHA,2016,11.73,226.64
155,yash_raj_productions,7_03_35,Watermelon,ODISHA,2017,11.73,226.81
156,yash_raj_productions,7_03_35,Watermelon,ODISHA,2018,11.73,226.98
157,yash_raj_productions,7_03_35,Watermelon,PUNJAB,2016,1.25,22.35
158,yash_raj_productions,7_03_35,Watermelon,PUNJAB,2017,1.31,23.27
159,yash_raj_productions,7_03_35,Watermelon,PUNJAB,2018,1.41,25.16
160,yash_raj_productions,7_03_35,Watermelon,RAJASTHAN,2016,2.93,27.56
161,yash_raj_productions,7_03_35,Watermelon,RAJASTHAN,2017,2.52,23.61
162,yash_raj_productions,7_03_35,Watermelon,RAJASTHAN,2018,2.01,19.5
163,yash_raj_productions,7_03_35,Watermelon,TAMIL NADU,2016,6.42,175.15
164,yash_raj_productions,7_03_35,Watermelon,TAMIL NADU,2017,5.89,113.55
165,yash_raj_productions,7_03_35,Watermelon,TAMIL NADU,2018,9.1,216.25
166,yash_raj_productions,7_03_35,Watermelon,TELANGANA,2016,1.84,40.93
167,yash_raj_productions,7_03_35,Watermelon,TELANGANA,2017,2.75,51.37
168,yash_raj_productions,7_03_35,Watermelon,TELANGANA,2018,2.75,48.97
169,yash_raj_productions,7_03_35,Watermelon,TRIPURA,2016,1.04,27
170,yash_raj_productions,7_03_35,Watermelon,TRIPURA,2017,0.91,23.08
171,yash_raj_productions,7_03_35,Watermelon,TRIPURA,2018,0.78,20.07
172,yash_raj_productions,7_03_35,Watermelon,UTTAR PRADESH,2016,12.99,584.98
173,yash_raj_productions,7_03_35,Watermelon,UTTAR PRADESH,2017,13.67,616.25
174,yash_raj_productions,7_03_35,Watermelon,UTTAR PRADESH,2018,13.74,619.65
175,yash_raj_productions,7_03_35,Watermelon,WEST BENGAL,2016,16.54,229.96
176,yash_raj_productions,7_03_35,Watermelon,WEST BENGAL,2017,16.55,230.11
177,yash_raj_productions,7_03_35,Watermelon,WEST BENGAL,2018,16.6,234.3
178,yash_raj_productions,7_03_35,Watermelon,OTHERS,2016,0.09,1.16
179,yash_raj_productions,7_03_35,Watermelon,OTHERS,2017,0.1,1.39
180,yash_raj_productions,7_03_35,Watermelon,OTHERS,2018,0.1,1.47
181,yash_raj_productions,7_03_36,Loose Flower,ANDHRA PRADESH,2016,18.25,147.28
182,yash_raj_productions,7_03_36,Loose Flower,ANDHRA PRADESH,2017,19.03,269.53
183,yash_raj_productions,7_03_36,Loose Flower,ANDHRA PRADESH,2018,25.74,428.95
184,yash_raj_productions,7_03_36,Loose Flower,ARUNACHAL PRADESH,2016,0.02,0.01
185,yash_raj_productions,7_03_36,Loose Flower,ARUNACHAL PRADESH,2017,0.02,0.01
186,yash_raj_productions,7_03_36,Loose Flower,ARUNACHAL PRADESH,2018,0,0
187,yash_raj_productions,7_03_36,Loose Flower,ASSAM,2016,5.05,33.68
188,yash_raj_productions,7_03_36,Loose Flower,ASSAM,2017,5.03,33.76
189,yash_raj_productions,7_03_36,Loose Flower,ASSAM,2018,5.06,33.93
190,yash_raj_productions,7_03_36,Loose Flower,BIHAR,2016,0.66,7.88
191,yash_raj_productions,7_03_36,Loose Flower,BIHAR,2017,0.66,7.96
192,yash_raj_productions,7_03_36,Loose Flower,BIHAR,2018,0.55,5.54
193,yash_raj_productions,7_03_36,Loose Flower,CHHATTISGARH,2016,11.43,43.2
194,yash_raj_productions,7_03_36,Loose Flower,CHHATTISGARH,2017,11.92,48.38
195,yash_raj_productions,7_03_36,Loose Flower,CHHATTISGARH,2018,13.18,47.45
196,yash_raj_productions,7_03_36,Loose Flower,GUJARAT,2016,19.5,184.16
197,yash_raj_productions,7_03_36,Loose Flower,GUJARAT,2017,20.64,195.98
198,yash_raj_productions,7_03_36,Loose Flower,GUJARAT,2018,20.43,152.16
199,yash_raj_productions,7_03_36,Loose Flower,HARYANA,2016,6.02,63.03
200,yash_raj_productions,7_03_36,Loose Flower,HARYANA,2017,5.51,56.23
201,yash_raj_productions,7_03_36,Loose Flower,HARYANA,2018,5.49,56.73
202,yash_raj_productions,7_03_36,Loose Flower,HIMACHAL PRADESH,2016,0.72,23.4
203,yash_raj_productions,7_03_36,Loose Flower,HIMACHAL PRADESH,2017,0.71,17.95
204,yash_raj_productions,7_03_36,Loose Flower,HIMACHAL PRADESH,2018,0.64,12.35
205,yash_raj_productions,7_03_36,Loose Flower,JAMMU & KASHMIR,2016,49.09,29.41
206,yash_raj_productions,7_03_36,Loose Flower,JAMMU & KASHMIR,2017,49.58,29.7
207,yash_raj_productions,7_03_36,Loose Flower,JAMMU & KASHMIR,2018,49.58,29.7
208,yash_raj_productions,7_03_36,Loose Flower,JHARKHAND,2016,0.32,1.53
209,yash_raj_productions,7_03_36,Loose Flower,JHARKHAND,2017,1.05,13.33
210,yash_raj_productions,7_03_36,Loose Flower,JHARKHAND,2018,0.8,4.47
211,yash_raj_productions,7_03_36,Loose Flower,KARNATAKA,2016,31.68,230.46
212,yash_raj_productions,7_03_36,Loose Flower,KARNATAKA,2017,52.37,238.73
213,yash_raj_productions,7_03_36,Loose Flower,KARNATAKA,2018,31.36,230.96
214,yash_raj_productions,7_03_36,Loose Flower,KERALA,2016,12.88,0.02
215,yash_raj_productions,7_03_36,Loose Flower,KERALA,2017,16.05,0.03
216,yash_raj_productions,7_03_36,Loose Flower,KERALA,2018,38.25,0.08
217,yash_raj_productions,7_03_36,Loose Flower,MADHYA PRADESH,2016,18.42,216
218,yash_raj_productions,7_03_36,Loose Flower,MADHYA PRADESH,2017,17.67,146.76
219,yash_raj_productions,7_03_36,Loose Flower,MADHYA PRADESH,2018,19.79,245.55
220,yash_raj_productions,7_03_36,Loose Flower,MAHARASHTRA,2016,12,71.62
221,yash_raj_productions,7_03_36,Loose Flower,MAHARASHTRA,2017,6.78,35.78
222,yash_raj_productions,7_03_36,Loose Flower,MAHARASHTRA,2018,5.49,29.08
223,yash_raj_productions,7_03_36,Loose Flower,MANIPUR,2016,0.17,0.07
224,yash_raj_productions,7_03_36,Loose Flower,MANIPUR,2017,0.08,0.05
225,yash_raj_productions,7_03_36,Loose Flower,MANIPUR,2018,0.16,0.49
226,yash_raj_productions,7_03_36,Loose Flower,MEGHALAYA,2016,0.06,0
227,yash_raj_productions,7_03_36,Loose Flower,MEGHALAYA,2017,0.01,0
228,yash_raj_productions,7_03_36,Loose Flower,MEGHALAYA,2018,0.01,0
229,yash_raj_productions,7_03_36,Loose Flower,MIZORAM,2016,0.13,0.56
230,yash_raj_productions,7_03_36,Loose Flower,MIZORAM,2017,0.2,0.46
231,yash_raj_productions,7_03_36,Loose Flower,MIZORAM,2018,0.24,0
232,yash_raj_productions,7_03_36,Loose Flower,NAGALAND,2016,0.07,0.89
233,yash_raj_productions,7_03_36,Loose Flower,NAGALAND,2017,0.05,0.02
234,yash_raj_productions,7_03_36,Loose Flower,NAGALAND,2018,0.07,0
235,yash_raj_productions,7_03_36,Loose Flower,ODISHA,2016,6.56,24.78
236,yash_raj_productions,7_03_36,Loose Flower,ODISHA,2017,6.57,24.82
237,yash_raj_productions,7_03_36,Loose Flower,ODISHA,2018,6.61,24.91
238,yash_raj_productions,7_03_36,Loose Flower,PUNJAB,2016,2,12.46
239,yash_raj_productions,7_03_36,Loose Flower,PUNJAB,2017,2.05,12.82
240,yash_raj_productions,7_03_36,Loose Flower,PUNJAB,2018,2.07,10.67
241,yash_raj_productions,7_03_36,Loose Flower,RAJASTHAN,2016,3.33,5.85
242,yash_raj_productions,7_03_36,Loose Flower,RAJASTHAN,2017,2.71,4.03
243,yash_raj_productions,7_03_36,Loose Flower,RAJASTHAN,2018,3.49,7.07
244,yash_raj_productions,7_03_36,Loose Flower,SIKKIM,2016,0.24,16.5
245,yash_raj_productions,7_03_36,Loose Flower,SIKKIM,2017,0.24,16.5
246,yash_raj_productions,7_03_36,Loose Flower,SIKKIM,2018,0.24,16.5
247,yash_raj_productions,7_03_36,Loose Flower,TAMIL NADU,2016,30.59,422.44
248,yash_raj_productions,7_03_36,Loose Flower,TAMIL NADU,2017,32.37,416.56
249,yash_raj_productions,7_03_36,Loose Flower,TAMIL NADU,2018,34.23,482.52
250,yash_raj_productions,7_03_36,Loose Flower,TELANGANA,2016,3.71,13.98
251,yash_raj_productions,7_03_36,Loose Flower,TELANGANA,2017,2.95,10.06
252,yash_raj_productions,7_03_36,Loose Flower,TELANGANA,2018,3.71,17.92
253,yash_raj_productions,7_03_36,Loose Flower,UTTAR PRADESH,2016,17.2,34.31
254,yash_raj_productions,7_03_36,Loose Flower,UTTAR PRADESH,2017,21,45.97
255,yash_raj_productions,7_03_36,Loose Flower,UTTAR PRADESH,2018,21.22,46.42
256,yash_raj_productions,7_03_36,Loose Flower,UTTARAKHAND,2016,1.54,1.75
257,yash_raj_productions,7_03_36,Loose Flower,UTTARAKHAND,2017,1.4,2.07
258,yash_raj_productions,7_03_36,Loose Flower,UTTARAKHAND,2018,1.53,2.54
259,yash_raj_productions,7_03_36,Loose Flower,WEST BENGAL,2016,25.63,69.62
260,yash_raj_productions,7_03_36,Loose Flower,WEST BENGAL,2017,26.04,71.27
261,yash_raj_productions,7_03_36,Loose Flower,WEST BENGAL,2018,26.78,74.88
262,yash_raj_productions,7_03_36,Loose Flower,OTHERS,2016,0.34,1.36
263,yash_raj_productions,7_03_36,Loose Flower,OTHERS,2017,3.59,0.68
264,yash_raj_productions,7_03_36,Loose Flower,OTHERS,2018,7.33,1.17
265,yash_raj_productions,7_03_37,Plantation Crops,ANDHRA PRADESH,2016,314.19,1086.72
266,yash_raj_productions,7_03_37,Plantation Crops,ANDHRA PRADESH,2017,325.5,1071.48
267,yash_raj_productions,7_03_37,Plantation Crops,ANDHRA PRADESH,2018,315.61,1090.74
268,yash_raj_productions,7_03_37,Plantation Crops,ARUNACHAL PRADESH,2016,1.09,8.33
269,yash_raj_productions,7_03_37,Plantation Crops,ARUNACHAL PRADESH,2017,0.07,0.1
270,yash_raj_productions,7_03_37,Plantation Crops,ARUNACHAL PRADESH,2018,0.06,0.14
271,yash_raj_productions,7_03_37,Plantation Crops,ASSAM,2016,98.4,167.03
272,yash_raj_productions,7_03_37,Plantation Crops,ASSAM,2017,91.33,177.72
273,yash_raj_productions,7_03_37,Plantation Crops,ASSAM,2018,101.78,195.04
274,yash_raj_productions,7_03_37,Plantation Crops,BIHAR,2016,14.9,97.3
275,yash_raj_productions,7_03_37,Plantation Crops,BIHAR,2017,14.9,97.3
276,yash_raj_productions,7_03_37,Plantation Crops,BIHAR,2018,11.35,52.88
277,yash_raj_productions,7_03_37,Plantation Crops,CHHATTISGARH,2016,15.55,29.02
278,yash_raj_productions,7_03_37,Plantation Crops,CHHATTISGARH,2017,15.18,15.38
279,yash_raj_productions,7_03_37,Plantation Crops,CHHATTISGARH,2018,15.24,17.36
280,yash_raj_productions,7_03_37,Plantation Crops,GUJARAT,2016,30.03,221.7
281,yash_raj_productions,7_03_37,Plantation Crops,GUJARAT,2017,31.66,238.67
282,yash_raj_productions,7_03_37,Plantation Crops,GUJARAT,2018,32.19,172.82
283,yash_raj_productions,7_03_37,Plantation Crops,JHARKHAND,2016,14.83,5
284,yash_raj_productions,7_03_37,Plantation Crops,JHARKHAND,2017,14.83,5.83
285,yash_raj_productions,7_03_37,Plantation Crops,JHARKHAND,2018,14.83,6.13
286,yash_raj_productions,7_03_37,Plantation Crops,KARNATAKA,2016,901.57,4041.32
287,yash_raj_productions,7_03_37,Plantation Crops,KARNATAKA,2017,883.24,5194.39
288,yash_raj_productions,7_03_37,Plantation Crops,KARNATAKA,2018,915.78,4936.08
289,yash_raj_productions,7_03_37,Plantation Crops,KERALA,2016,973.07,5293.84
290,yash_raj_productions,7_03_37,Plantation Crops,KERALA,2017,973.51,5350.29
291,yash_raj_productions,7_03_37,Plantation Crops,KERALA,2018,1015.06,6054.79
292,yash_raj_productions,7_03_37,Plantation Crops,MADHYA PRADESH,2016,0,0
293,yash_raj_productions,7_03_37,Plantation Crops,MADHYA PRADESH,2017,2.29,3.52
294,yash_raj_productions,7_03_37,Plantation Crops,MADHYA PRADESH,2018,0,0
295,yash_raj_productions,7_03_37,Plantation Crops,MAHARASHTRA,2016,216.3,410.15
296,yash_raj_productions,7_03_37,Plantation Crops,MAHARASHTRA,2017,207.1,393.75
297,yash_raj_productions,7_03_37,Plantation Crops,MAHARASHTRA,2018,220.73,361.07
298,yash_raj_productions,7_03_37,Plantation Crops,MANIPUR,2016,0.9,0.32
299,yash_raj_productions,7_03_37,Plantation Crops,MANIPUR,2017,0.9,0.32
300,yash_raj_productions,7_03_37,Plantation Crops,MANIPUR,2018,0.9,0.32
301,yash_raj_productions,7_03_37,Plantation Crops,MEGHALAYA,2016,25.37,31.2
302,yash_raj_productions,7_03_37,Plantation Crops,MEGHALAYA,2017,25.52,32.96
303,yash_raj_productions,7_03_37,Plantation Crops,MEGHALAYA,2018,25.51,31.11
304,yash_raj_productions,7_03_37,Plantation Crops,MIZORAM,2016,10.77,7.38
305,yash_raj_productions,7_03_37,Plantation Crops,MIZORAM,2017,11.9,7.38
306,yash_raj_productions,7_03_37,Plantation Crops,MIZORAM,2018,11.89,7.37
307,yash_raj_productions,7_03_37,Plantation Crops,NAGALAND,2016,1.22,4.68
308,yash_raj_productions,7_03_37,Plantation Crops,NAGALAND,2017,1.36,4.68
309,yash_raj_productions,7_03_37,Plantation Crops,NAGALAND,2018,2.07,9.35
310,yash_raj_productions,7_03_37,Plantation Crops,ODISHA,2016,233.82,306.5
311,yash_raj_productions,7_03_37,Plantation Crops,ODISHA,2017,234.23,329.54
312,yash_raj_productions,7_03_37,Plantation Crops,ODISHA,2018,244.9,334.25
313,yash_raj_productions,7_03_37,Plantation Crops,TAMIL NADU,2016,635.97,4316.41
314,yash_raj_productions,7_03_37,Plantation Crops,TAMIL NADU,2017,638.62,4610.53
315,yash_raj_productions,7_03_37,Plantation Crops,TAMIL NADU,2018,619.74,4234.92
316,yash_raj_productions,7_03_37,Plantation Crops,TELANGANA,2016,0.48,0.01
317,yash_raj_productions,7_03_37,Plantation Crops,TELANGANA,2017,0.5,1.44
318,yash_raj_productions,7_03_37,Plantation Crops,TELANGANA,2018,0.49,8.05
319,yash_raj_productions,7_03_37,Plantation Crops,TRIPURA,2016,16.15,33.23
320,yash_raj_productions,7_03_37,Plantation Crops,TRIPURA,2017,13.56,35.6
321,yash_raj_productions,7_03_37,Plantation Crops,TRIPURA,2018,14.81,45.88
322,yash_raj_productions,7_03_37,Plantation Crops,WEST BENGAL,2016,52.39,291.77
323,yash_raj_productions,7_03_37,Plantation Crops,WEST BENGAL,2017,52.54,294.13
324,yash_raj_productions,7_03_37,Plantation Crops,WEST BENGAL,2018,53.16,296.26
325,yash_raj_productions,7_03_37,Plantation Crops,OTHERS,2016,122.66,306.37
326,yash_raj_productions,7_03_37,Plantation Crops,OTHERS,2017,59.28,107.03
327,yash_raj_productions,7_03_37,Plantation Crops,OTHERS,2018,127.83,227.86
328,yash_raj_productions,7_03_38,Arecanut,ANDHRA PRADESH,2016,0.52,1.8
329,yash_raj_productions,7_03_38,Arecanut,ANDHRA PRADESH,2017,0.56,2.37
330,yash_raj_productions,7_03_38,Arecanut,ANDHRA PRADESH,2018,0.56,2.37
331,yash_raj_productions,7_03_38,Arecanut,ARUNACHAL PRADESH,2016,1.02,8.23
332,yash_raj_productions,7_03_38,Arecanut,ASSAM,2016,77.62,74.78
333,yash_raj_productions,7_03_38,Arecanut,ASSAM,2017,69.68,70.94
334,yash_raj_productions,7_03_38,Arecanut,ASSAM,2018,80.81,77.9
335,yash_raj_productions,7_03_38,Arecanut,KARNATAKA,2016,235.77,436.29
336,yash_raj_productions,7_03_38,Arecanut,KARNATAKA,2017,227.84,435.75
337,yash_raj_productions,7_03_38,Arecanut,KARNATAKA,2018,254.64,517.35
338,yash_raj_productions,7_03_38,Arecanut,KERALA,2016,100.1,102.2
339,yash_raj_productions,7_03_38,Arecanut,KERALA,2017,95.96,122.16
340,yash_raj_productions,7_03_38,Arecanut,KERALA,2018,98.52,130.1
341,yash_raj_productions,7_03_38,Arecanut,MADHYA PRADESH,2017,2.29,3.52
342,yash_raj_productions,7_03_38,Arecanut,MAHARASHTRA,2016,2.35,3.48
343,yash_raj_productions,7_03_38,Arecanut,MAHARASHTRA,2018,2.31,3.41
344,yash_raj_productions,7_03_38,Arecanut,MEGHALAYA,2016,16.87,26.2
345,yash_raj_productions,7_03_38,Arecanut,MEGHALAYA,2017,17.02,27.13
346,yash_raj_productions,7_03_38,Arecanut,MEGHALAYA,2018,16.93,24.99
347,yash_raj_productions,7_03_38,Arecanut,MIZORAM,2016,10.74,7.27
348,yash_raj_productions,7_03_38,Arecanut,MIZORAM,2017,11.86,7.27
349,yash_raj_productions,7_03_38,Arecanut,MIZORAM,2018,11.86,7.27
350,yash_raj_productions,7_03_38,Arecanut,NAGALAND,2016,0.39,2.3
351,yash_raj_productions,7_03_38,Arecanut,NAGALAND,2017,0.39,2.3
352,yash_raj_productions,7_03_38,Arecanut,NAGALAND,2018,0.39,2.3
353,yash_raj_productions,7_03_38,Arecanut,TAMIL NADU,2016,6.69,9.79
354,yash_raj_productions,7_03_38,Arecanut,TAMIL NADU,2017,6.77,9.76
355,yash_raj_productions,7_03_38,Arecanut,TAMIL NADU,2018,6.5,10.14
356,yash_raj_productions,7_03_38,Arecanut,TRIPURA,2016,4.7,9.92
357,yash_raj_productions,7_03_38,Arecanut,TRIPURA,2017,4.7,9.92
358,yash_raj_productions,7_03_38,Arecanut,TRIPURA,2018,5.99,20.41
359,yash_raj_productions,7_03_38,Arecanut,WEST BENGAL,2016,11.52,22.66
360,yash_raj_productions,7_03_38,Arecanut,WEST BENGAL,2017,11.55,22.85
361,yash_raj_productions,7_03_38,Arecanut,WEST BENGAL,2018,11.55,22.85
362,yash_raj_productions,7_03_38,Arecanut,OTHERS,2016,6.07,8.92
363,yash_raj_productions,7_03_38,Arecanut,OTHERS,2017,6.03,8.88
364,yash_raj_productions,7_03_38,Arecanut,OTHERS,2018,6.59,13.89
365,yash_raj_productions,7_03_39,Cashewnut,ANDHRA PRADESH,2016,185.57,95.5
366,yash_raj_productions,7_03_39,Cashewnut,ANDHRA PRADESH,2017,185.57,111.39
367,yash_raj_productions,7_03_39,Cashewnut,ANDHRA PRADESH,2018,186.78,116.92
368,yash_raj_productions,7_03_39,Cashewnut,ASSAM,2016,1.05,1
369,yash_raj_productions,7_03_39,Cashewnut,ASSAM,2017,1.05,1.08
370,yash_raj_productions,7_03_39,Cashewnut,ASSAM,2018,1.05,1.13
371,yash_raj_productions,7_03_39,Cashewnut,CHHATTISGARH,2016,13.7,8
372,yash_raj_productions,7_03_39,Cashewnut,CHHATTISGARH,2017,13.7,9.33
373,yash_raj_productions,7_03_39,Cashewnut,CHHATTISGARH,2018,13.7,9.83
374,yash_raj_productions,7_03_39,Cashewnut,GUJARAT,2016,7.22,6.5
375,yash_raj_productions,7_03_39,Cashewnut,GUJARAT,2017,7.22,6.5
376,yash_raj_productions,7_03_39,Cashewnut,GUJARAT,2018,7.25,6.5
377,yash_raj_productions,7_03_39,Cashewnut,JHARKHAND,2016,14.83,5
378,yash_raj_productions,7_03_39,Cashewnut,JHARKHAND,2017,14.83,5.83
379,yash_raj_productions,7_03_39,Cashewnut,JHARKHAND,2018,14.83,6.13
380,yash_raj_productions,7_03_39,Cashewnut,KARNATAKA,2016,125.86,73
381,yash_raj_productions,7_03_39,Cashewnut,KARNATAKA,2017,127.86,85.15
382,yash_raj_productions,7_03_39,Cashewnut,KARNATAKA,2018,129.07,89.45
383,yash_raj_productions,7_03_39,Cashewnut,KERALA,2016,87.01,72
384,yash_raj_productions,7_03_39,Cashewnut,KERALA,2017,90.87,83.98
385,yash_raj_productions,7_03_39,Cashewnut,KERALA,2018,92.81,88.18
386,yash_raj_productions,7_03_39,Cashewnut,MAHARASHTRA,2016,186.2,220
387,yash_raj_productions,7_03_39,Cashewnut,MAHARASHTRA,2017,186.2,256.61
388,yash_raj_productions,7_03_39,Cashewnut,MAHARASHTRA,2018,191.45,269.44
389,yash_raj_productions,7_03_39,Cashewnut,MANIPUR,2016,0.9,0.32
390,yash_raj_productions,7_03_39,Cashewnut,MANIPUR,2017,0.9,0.32
391,yash_raj_productions,7_03_39,Cashewnut,MANIPUR,2018,0.9,0.32
392,yash_raj_productions,7_03_39,Cashewnut,MEGHALAYA,2016,8.5,5
393,yash_raj_productions,7_03_39,Cashewnut,MEGHALAYA,2017,8.5,5.83
394,yash_raj_productions,7_03_39,Cashewnut,MEGHALAYA,2018,8.58,6.12
395,yash_raj_productions,7_03_39,Cashewnut,MIZORAM,2016,0,0
396,yash_raj_productions,7_03_39,Cashewnut,NAGALAND,2016,0.5,0.54
397,yash_raj_productions,7_03_39,Cashewnut,NAGALAND,2017,0.5,0.54
398,yash_raj_productions,7_03_39,Cashewnut,NAGALAND,2018,0.5,0.54
399,yash_raj_productions,7_03_39,Cashewnut,ODISHA,2016,182.91,80.5
400,yash_raj_productions,7_03_39,Cashewnut,ODISHA,2017,183.32,93.9
401,yash_raj_productions,7_03_39,Cashewnut,ODISHA,2018,193.99,98.59
402,yash_raj_productions,7_03_39,Cashewnut,TAMIL NADU,2016,141.33,58
403,yash_raj_productions,7_03_39,Cashewnut,TAMIL NADU,2017,141.58,67.65
404,yash_raj_productions,7_03_39,Cashewnut,TAMIL NADU,2018,142.28,71.03
405,yash_raj_productions,7_03_39,Cashewnut,TRIPURA,2016,4.25,3
406,yash_raj_productions,7_03_39,Cashewnut,TRIPURA,2017,4.25,3.45
407,yash_raj_productions,7_03_39,Cashewnut,TRIPURA,2018,4.25,3.45
408,yash_raj_productions,7_03_39,Cashewnut,WEST BENGAL,2016,11.36,12
409,yash_raj_productions,7_03_39,Cashewnut,WEST BENGAL,2017,11.36,12.96
410,yash_raj_productions,7_03_39,Cashewnut,WEST BENGAL,2018,11.36,12.96
411,yash_raj_productions,7_03_39,Cashewnut,OTHERS,2016,64.37,30.56
412,yash_raj_productions,7_03_39,Cashewnut,OTHERS,2017,0.61,0.17
413,yash_raj_productions,7_03_39,Cashewnut,OTHERS,2018,63.25,36.42
414,yash_raj_productions,7_03_40,Cocoa,ANDHRA PRADESH,2016,24.16,7
415,yash_raj_productions,7_03_40,Cocoa,ANDHRA PRADESH,2017,24.16,7.7
416,yash_raj_productions,7_03_40,Cocoa,ANDHRA PRADESH,2018,28.76,8.09
417,yash_raj_productions,7_03_40,Cocoa,KARNATAKA,2016,13.57,2.2
418,yash_raj_productions,7_03_40,Cocoa,KARNATAKA,2017,13.69,2.42
419,yash_raj_productions,7_03_40,Cocoa,KARNATAKA,2018,13.69,2.54
420,yash_raj_productions,7_03_40,Cocoa,KERALA,2016,15.34,6.5
421,yash_raj_productions,7_03_40,Cocoa,KERALA,2017,15.89,7.15
422,yash_raj_productions,7_03_40,Cocoa,KERALA,2018,16.59,7.51
423,yash_raj_productions,7_03_40,Cocoa,TAMIL NADU,2016,28.21,1.5
424,yash_raj_productions,7_03_40,Cocoa,TAMIL NADU,2017,29.21,1.65
425,yash_raj_productions,7_03_40,Cocoa,TAMIL NADU,2018,29.48,1.73
426,yash_raj_productions,7_03_41,Coconut,ANDHRA PRADESH,2016,103.95,982.42
427,yash_raj_productions,7_03_41,Coconut,ANDHRA PRADESH,2017,115.21,950.02
428,yash_raj_productions,7_03_41,Coconut,ANDHRA PRADESH,2018,99.51,963.37
429,yash_raj_productions,7_03_41,Coconut,ARUNACHAL PRADESH,2016,0.07,0.1
430,yash_raj_productions,7_03_41,Coconut,ARUNACHAL PRADESH,2017,0.07,0.1
431,yash_raj_productions,7_03_41,Coconut,ARUNACHAL PRADESH,2018,0.06,0.14
432,yash_raj_productions,7_03_41,Coconut,ASSAM,2016,19.73,91.25
433,yash_raj_productions,7_03_41,Coconut,ASSAM,2017,20.6,105.7
434,yash_raj_productions,7_03_41,Coconut,ASSAM,2018,19.92,116.01
435,yash_raj_productions,7_03_41,Coconut,BIHAR,2016,14.9,97.3
436,yash_raj_productions,7_03_41,Coconut,BIHAR,2017,14.9,97.3
437,yash_raj_productions,7_03_41,Coconut,BIHAR,2018,11.35,52.88
438,yash_raj_productions,7_03_41,Coconut,CHHATTISGARH,2016,1.85,21.02
439,yash_raj_productions,7_03_41,Coconut,CHHATTISGARH,2017,1.48,6.05
440,yash_raj_productions,7_03_41,Coconut,CHHATTISGARH,2018,1.54,7.53
441,yash_raj_productions,7_03_41,Coconut,GUJARAT,2016,22.81,215.2
442,yash_raj_productions,7_03_41,Coconut,GUJARAT,2017,24.44,232.17
443,yash_raj_productions,7_03_41,Coconut,GUJARAT,2018,24.94,166.32
444,yash_raj_productions,7_03_41,Coconut,KARNATAKA,2016,526.38,3529.83
445,yash_raj_productions,7_03_41,Coconut,KARNATAKA,2017,513.85,4671.07
446,yash_raj_productions,7_03_41,Coconut,KARNATAKA,2018,518.39,4326.75
447,yash_raj_productions,7_03_41,Coconut,KERALA,2016,770.62,5113.14
448,yash_raj_productions,7_03_41,Coconut,KERALA,2017,770.79,5137
449,yash_raj_productions,7_03_41,Coconut,KERALA,2018,807.13,5829
450,yash_raj_productions,7_03_41,Coconut,MAHARASHTRA,2016,27.75,186.67
451,yash_raj_productions,7_03_41,Coconut,MAHARASHTRA,2017,20.9,137.14
452,yash_raj_productions,7_03_41,Coconut,MAHARASHTRA,2018,26.97,88.22
453,yash_raj_productions,7_03_41,Coconut,MIZORAM,2016,0.03,0.11
454,yash_raj_productions,7_03_41,Coconut,MIZORAM,2017,0.04,0.11
455,yash_raj_productions,7_03_41,Coconut,MIZORAM,2018,0.03,0.1
456,yash_raj_productions,7_03_41,Coconut,NAGALAND,2016,0.33,1.84
457,yash_raj_productions,7_03_41,Coconut,NAGALAND,2017,0.47,1.84
458,yash_raj_productions,7_03_41,Coconut,NAGALAND,2018,1.18,6.51
459,yash_raj_productions,7_03_41,Coconut,ODISHA,2016,50.91,226
460,yash_raj_productions,7_03_41,Coconut,ODISHA,2017,50.91,235.64
461,yash_raj_productions,7_03_41,Coconut,ODISHA,2018,50.91,235.66
462,yash_raj_productions,7_03_41,Coconut,TAMIL NADU,2016,459.74,4247.12
463,yash_raj_productions,7_03_41,Coconut,TAMIL NADU,2017,461.06,4531.47
464,yash_raj_productions,7_03_41,Coconut,TAMIL NADU,2018,441.49,4152.01
465,yash_raj_productions,7_03_41,Coconut,TELANGANA,2016,0.48,0.01
466,yash_raj_productions,7_03_41,Coconut,TELANGANA,2017,0.5,1.44
467,yash_raj_productions,7_03_41,Coconut,TELANGANA,2018,0.49,8.05
468,yash_raj_productions,7_03_41,Coconut,TRIPURA,2016,7.2,20.31
469,yash_raj_productions,7_03_41,Coconut,TRIPURA,2017,4.61,22.23
470,yash_raj_productions,7_03_41,Coconut,TRIPURA,2018,4.57,22.02
471,yash_raj_productions,7_03_41,Coconut,WEST BENGAL,2016,29.51,257.11
472,yash_raj_productions,7_03_41,Coconut,WEST BENGAL,2017,29.63,258.32
473,yash_raj_productions,7_03_41,Coconut,WEST BENGAL,2018,30.25,260.45
474,yash_raj_productions,7_03_41,Coconut,OTHERS,2016,52.22,266.9
475,yash_raj_productions,7_03_41,Coconut,OTHERS,2017,52.65,97.98
476,yash_raj_productions,7_03_41,Coconut,OTHERS,2018,57.99,177.55
477,yash_raj_productions,7_03_42,Chillies (Dried),ANDHRA PRADESH,2016,156.06,618.42
478,yash_raj_productions,7_03_42,Chillies (Dried),ANDHRA PRADESH,2017,209.35,992.9
479,yash_raj_productions,7_03_42,Chillies (Dried),ANDHRA PRADESH,2018,209.35,992.9
480,yash_raj_productions,7_03_42,Chillies (Dried),ARUNACHAL PRADESH,2016,2.96,8.29
481,yash_raj_productions,7_03_42,Chillies (Dried),ARUNACHAL PRADESH,2017,2.96,8.29
482,yash_raj_productions,7_03_42,Chillies (Dried),ARUNACHAL PRADESH,2018,2.96,8.29
483,yash_raj_productions,7_03_42,Chillies (Dried),ASSAM,2016,21.41,19.12
484,yash_raj_productions,7_03_42,Chillies (Dried),ASSAM,2017,21.63,19.38
485,yash_raj_productions,7_03_42,Chillies (Dried),ASSAM,2018,21.7,20.61
486,yash_raj_productions,7_03_42,Chillies (Dried),BIHAR,2016,2.9,3
487,yash_raj_productions,7_03_42,Chillies (Dried),BIHAR,2017,1.6,2.05
488,yash_raj_productions,7_03_42,Chillies (Dried),BIHAR,2018,1.51,2.73
489,yash_raj_productions,7_03_42,Chillies (Dried),CHHATTISGARH,2016,4.92,4.4
490,yash_raj_productions,7_03_42,Chillies (Dried),CHHATTISGARH,2017,5.06,4.32
491,yash_raj_productions,7_03_42,Chillies (Dried),CHHATTISGARH,2018,4.24,1.5
492,yash_raj_productions,7_03_42,Chillies (Dried),GUJARAT,2016,14.72,26.91
493,yash_raj_productions,7_03_42,Chillies (Dried),GUJARAT,2017,15.2,25.32
494,yash_raj_productions,7_03_42,Chillies (Dried),GUJARAT,2018,11.35,22.07
495,yash_raj_productions,7_03_42,Chillies (Dried),HARYANA,2016,2.43,4.22
496,yash_raj_productions,7_03_42,Chillies (Dried),HARYANA,2017,2.2,4
497,yash_raj_productions,7_03_42,Chillies (Dried),HARYANA,2018,2.2,4
498,yash_raj_productions,7_03_42,Chillies (Dried),HIMACHAL PRADESH,2016,0.55,0.36
499,yash_raj_productions,7_03_42,Chillies (Dried),HIMACHAL PRADESH,2017,0.6,0.24
500,yash_raj_productions,7_03_42,Chillies (Dried),HIMACHAL PRADESH,2018,0.66,0.24
501,yash_raj_productions,7_03_42,Chillies (Dried),JAMMU & KASHMIR,2016,0.62,0.35
502,yash_raj_productions,7_03_42,Chillies (Dried),JAMMU & KASHMIR,2017,0.62,0.35
503,yash_raj_productions,7_03_42,Chillies (Dried),JAMMU & KASHMIR,2018,0.62,0.35
504,yash_raj_productions,7_03_42,Chillies (Dried),KARNATAKA,2016,95.45,118.49
505,yash_raj_productions,7_03_42,Chillies (Dried),KARNATAKA,2017,102.29,103.24
506,yash_raj_productions,7_03_42,Chillies (Dried),KARNATAKA,2018,127.6,260.14
507,yash_raj_productions,7_03_42,Chillies (Dried),KERALA,2016,1.58,1.49
508,yash_raj_productions,7_03_42,Chillies (Dried),KERALA,2017,1.71,1.6
509,yash_raj_productions,7_03_42,Chillies (Dried),KERALA,2018,1.72,1.62
510,yash_raj_productions,7_03_42,Chillies (Dried),MADHYA PRADESH,2016,72.13,132.44
511,yash_raj_productions,7_03_42,Chillies (Dried),MADHYA PRADESH,2017,85,135.53
512,yash_raj_productions,7_03_42,Chillies (Dried),MADHYA PRADESH,2018,90.98,244.55
513,yash_raj_productions,7_03_42,Chillies (Dried),MAHARASHTRA,2016,99.5,45.6
514,yash_raj_productions,7_03_42,Chillies (Dried),MAHARASHTRA,2017,17.32,35.88
515,yash_raj_productions,7_03_42,Chillies (Dried),MAHARASHTRA,2018,2.34,6.2
516,yash_raj_productions,7_03_42,Chillies (Dried),MANIPUR,2016,6.5,3.9
517,yash_raj_productions,7_03_42,Chillies (Dried),MANIPUR,2017,6.5,3.9
518,yash_raj_productions,7_03_42,Chillies (Dried),MANIPUR,2018,6.5,3.9
519,yash_raj_productions,7_03_42,Chillies (Dried),MEGHALAYA,2016,2.25,2.08
520,yash_raj_productions,7_03_42,Chillies (Dried),MEGHALAYA,2017,2.32,2.24
521,yash_raj_productions,7_03_42,Chillies (Dried),MEGHALAYA,2018,2.32,2.35
522,yash_raj_productions,7_03_42,Chillies (Dried),MIZORAM,2016,9.14,9.33
523,yash_raj_productions,7_03_42,Chillies (Dried),MIZORAM,2017,9.24,9.33
524,yash_raj_productions,7_03_42,Chillies (Dried),MIZORAM,2018,11.2,10.92
525,yash_raj_productions,7_03_42,Chillies (Dried),NAGALAND,2016,6.81,50.39
526,yash_raj_productions,7_03_42,Chillies (Dried),NAGALAND,2017,5.58,40.89
527,yash_raj_productions,7_03_42,Chillies (Dried),NAGALAND,2018,0.18,0.81
528,yash_raj_productions,7_03_42,Chillies (Dried),ODISHA,2016,75,70
529,yash_raj_productions,7_03_42,Chillies (Dried),ODISHA,2017,71.7,69.17
530,yash_raj_productions,7_03_42,Chillies (Dried),ODISHA,2018,71.7,69.17
531,yash_raj_productions,7_03_42,Chillies (Dried),PUNJAB,2016,7.5,14.08
532,yash_raj_productions,7_03_42,Chillies (Dried),PUNJAB,2017,7.5,14.08
533,yash_raj_productions,7_03_42,Chillies (Dried),PUNJAB,2018,7.5,14.08
534,yash_raj_productions,7_03_42,Chillies (Dried),RAJASTHAN,2016,12.32,18.22
535,yash_raj_productions,7_03_42,Chillies (Dried),RAJASTHAN,2017,11.13,18.78
536,yash_raj_productions,7_03_42,Chillies (Dried),RAJASTHAN,2018,8.06,13.34
537,yash_raj_productions,7_03_42,Chillies (Dried),TAMIL NADU,2016,44.37,19.55
538,yash_raj_productions,7_03_42,Chillies (Dried),TAMIL NADU,2017,44.18,21.48
539,yash_raj_productions,7_03_42,Chillies (Dried),TAMIL NADU,2018,2.53,1.9
540,yash_raj_productions,7_03_42,Chillies (Dried),TELANGANA,2016,81.6,227.61
541,yash_raj_productions,7_03_42,Chillies (Dried),TELANGANA,2017,126,461
542,yash_raj_productions,7_03_42,Chillies (Dried),TELANGANA,2018,73.78,340.8
543,yash_raj_productions,7_03_42,Chillies (Dried),TRIPURA,2016,2.35,3.7
544,yash_raj_productions,7_03_42,Chillies (Dried),TRIPURA,2017,2.35,3.7
545,yash_raj_productions,7_03_42,Chillies (Dried),TRIPURA,2018,2.77,6.31
546,yash_raj_productions,7_03_42,Chillies (Dried),UTTAR PRADESH,2016,13.55,10.26
547,yash_raj_productions,7_03_42,Chillies (Dried),UTTAR PRADESH,2017,13.55,10.26
548,yash_raj_productions,7_03_42,Chillies (Dried),UTTAR PRADESH,2018,13.64,12.58
549,yash_raj_productions,7_03_42,Chillies (Dried),UTTARAKHAND,2016,9,7.2
550,yash_raj_productions,7_03_42,Chillies (Dried),UTTARAKHAND,2017,9,7.2
551,yash_raj_productions,7_03_42,Chillies (Dried),UTTARAKHAND,2018,9,7.2
552,yash_raj_productions,7_03_42,Chillies (Dried),WEST BENGAL,2016,65.12,100.34
553,yash_raj_productions,7_03_42,Chillies (Dried),WEST BENGAL,2017,65.12,100.34
554,yash_raj_productions,7_03_42,Chillies (Dried),WEST BENGAL,2018,65.12,100.34
555,yash_raj_productions,7_03_42,Chillies (Dried),OTHERS,2016,0.4,0.64
556,yash_raj_productions,7_03_42,Chillies (Dried),OTHERS,2017,0.4,0.63
557,yash_raj_productions,7_03_42,Chillies (Dried),OTHERS,2018,0.07,0.33
558,yash_raj_productions,7_03_43,Coriander,ANDHRA PRADESH,2016,25.34,10.4
559,yash_raj_productions,7_03_43,Coriander,ANDHRA PRADESH,2017,4.3,2.37
560,yash_raj_productions,7_03_43,Coriander,ANDHRA PRADESH,2018,4.3,2.37
561,yash_raj_productions,7_03_43,Coriander,ASSAM,2016,29.42,55.13
562,yash_raj_productions,7_03_43,Coriander,ASSAM,2017,28.95,29.68
563,yash_raj_productions,7_03_43,Coriander,ASSAM,2018,29.65,30.51
564,yash_raj_productions,7_03_43,Coriander,BIHAR,2016,2.3,1.7
565,yash_raj_productions,7_03_43,Coriander,BIHAR,2017,2.57,2.36
566,yash_raj_productions,7_03_43,Coriander,BIHAR,2018,2.08,1.86
567,yash_raj_productions,7_03_43,Coriander,CHHATTISGARH,2016,2.65,0.75
568,yash_raj_productions,7_03_43,Coriander,CHHATTISGARH,2017,2.57,0.76
569,yash_raj_productions,7_03_43,Coriander,CHHATTISGARH,2018,2.85,0.77
570,yash_raj_productions,7_03_43,Coriander,GUJARAT,2016,88.6,138.8
571,yash_raj_productions,7_03_43,Coriander,GUJARAT,2017,121.1,189.75
572,yash_raj_productions,7_03_43,Coriander,GUJARAT,2018,75,116.81
573,yash_raj_productions,7_03_43,Coriander,HARYANA,2016,2.43,4.41
574,yash_raj_productions,7_03_43,Coriander,HARYANA,2017,2.45,4.45
575,yash_raj_productions,7_03_43,Coriander,HARYANA,2018,2.45,4.45
576,yash_raj_productions,7_03_43,Coriander,HIMACHAL PRADESH,2016,0.17,0.19
577,yash_raj_productions,7_03_43,Coriander,HIMACHAL PRADESH,2017,0.12,0.19
578,yash_raj_productions,7_03_43,Coriander,HIMACHAL PRADESH,2018,0.15,0.07
579,yash_raj_productions,7_03_43,Coriander,KARNATAKA,2016,4.34,1.47
580,yash_raj_productions,7_03_43,Coriander,KARNATAKA,2017,4.49,1.93
581,yash_raj_productions,7_03_43,Coriander,KARNATAKA,2018,1.78,0.77
582,yash_raj_productions,7_03_43,Coriander,MADHYA PRADESH,2016,165.18,108.49
583,yash_raj_productions,7_03_43,Coriander,MADHYA PRADESH,2017,273.78,396.01
584,yash_raj_productions,7_03_43,Coriander,MADHYA PRADESH,2018,274.1,383.68
585,yash_raj_productions,7_03_43,Coriander,MAHARASHTRA,2016,0.04,0.1
586,yash_raj_productions,7_03_43,Coriander,MAHARASHTRA,2017,1.71,9.68
587,yash_raj_productions,7_03_43,Coriander,MAHARASHTRA,2018,1.93,4.39
588,yash_raj_productions,7_03_43,Coriander,MEGHALAYA,2016,0.01,0.05
589,yash_raj_productions,7_03_43,Coriander,MEGHALAYA,2017,0.01,0.05
590,yash_raj_productions,7_03_43,Coriander,MEGHALAYA,2018,0.01,0.05
591,yash_raj_productions,7_03_43,Coriander,MIZORAM,2016,0.06,0.02
592,yash_raj_productions,7_03_43,Coriander,MIZORAM,2017,0.06,0.02
593,yash_raj_productions,7_03_43,Coriander,MIZORAM,2018,0.07,0.02
594,yash_raj_productions,7_03_43,Coriander,NAGALAND,2016,0.09,0.18
595,yash_raj_productions,7_03_43,Coriander,NAGALAND,2017,0.09,0.15
596,yash_raj_productions,7_03_43,Coriander,NAGALAND,2018,0.05,0.1
597,yash_raj_productions,7_03_43,Coriander,ODISHA,2016,19.1,11
598,yash_raj_productions,7_03_43,Coriander,ODISHA,2017,19.61,10.8
599,yash_raj_productions,7_03_43,Coriander,ODISHA,2018,19.61,10.8
600,yash_raj_productions,7_03_43,Coriander,RAJASTHAN,2016,212.73,227.2
601,yash_raj_productions,7_03_43,Coriander,RAJASTHAN,2017,181.71,206.96
602,yash_raj_productions,7_03_43,Coriander,RAJASTHAN,2018,97.8,130.2
603,yash_raj_productions,7_03_43,Coriander,TAMIL NADU,2016,8.31,3.8
604,yash_raj_productions,7_03_43,Coriander,TAMIL NADU,2017,9.28,5.74
605,yash_raj_productions,7_03_43,Coriander,TAMIL NADU,2018,0.12,0.08
606,yash_raj_productions,7_03_43,Coriander,TELANGANA,2016,1.01,0.39
607,yash_raj_productions,7_03_43,Coriander,TELANGANA,2017,1.01,0.39
608,yash_raj_productions,7_03_43,Coriander,TELANGANA,2018,1.22,1
609,yash_raj_productions,7_03_43,Coriander,UTTAR PRADESH,2016,7.47,2.58
610,yash_raj_productions,7_03_43,Coriander,UTTAR PRADESH,2017,7.8,3.58
611,yash_raj_productions,7_03_43,Coriander,UTTAR PRADESH,2018,6.79,3.54
612,yash_raj_productions,7_03_43,Coriander,UTTARAKHAND,2016,0.9,3.8
613,yash_raj_productions,7_03_43,Coriander,UTTARAKHAND,2017,0.9,3.8
614,yash_raj_productions,7_03_43,Coriander,UTTARAKHAND,2018,0.9,3.8
615,yash_raj_productions,7_03_43,Coriander,WEST BENGAL,2016,11.45,14.52
616,yash_raj_productions,7_03_43,Coriander,WEST BENGAL,2017,11.46,14.56
617,yash_raj_productions,7_03_43,Coriander,WEST BENGAL,2018,11.46,14.56
618,yash_raj_productions,7_03_44,Cumin,GUJARAT,2015,295.4,300.94
619,yash_raj_productions,7_03_44,Cumin,GUJARAT,2016,278.7,284
620,yash_raj_productions,7_03_44,Cumin,GUJARAT,2017,382.72,384.47
621,yash_raj_productions,7_03_44,Cumin,HIMACHAL PRADESH,2015,0.08,0.02
622,yash_raj_productions,7_03_44,Cumin,HIMACHAL PRADESH,2016,0.08,0.02
623,yash_raj_productions,7_03_44,Cumin,HIMACHAL PRADESH,2017,0.08,0.02
624,yash_raj_productions,7_03_44,Cumin,MADHYA PRADESH,2015,0,0
625,yash_raj_productions,7_03_44,Cumin,MADHYA PRADESH,2016,0.33,0.45
626,yash_raj_productions,7_03_44,Cumin,MADHYA PRADESH,2017,0.51,0.54
627,yash_raj_productions,7_03_44,Cumin,RAJASTHAN,2015,511.08,200.85
628,yash_raj_productions,7_03_44,Cumin,RAJASTHAN,2016,500.14,206.94
629,yash_raj_productions,7_03_44,Cumin,RAJASTHAN,2017,581.36,302.17
630,yash_raj_productions,7_03_44,Cumin,UTTAR PRADESH,2015,0,0
631,yash_raj_productions,7_03_44,Cumin,UTTAR PRADESH,2016,0,0.01
632,yash_raj_productions,7_03_44,Cumin,UTTAR PRADESH,2017,0,0.01
633,yash_raj_productions,7_03_44,Cumin,UTTARAKHAND,2015,0,0.01
634,yash_raj_productions,7_03_44,Cumin,UTTARAKHAND,2016,0,0
635,yash_raj_productions,7_03_44,Cumin,UTTARAKHAND,2017,0,0
636,yash_raj_productions,7_03_44,Cumin,WEST BENGAL,2015,1.46,1.45
637,yash_raj_productions,7_03_44,Cumin,WEST BENGAL,2016,1.47,1.46
638,yash_raj_productions,7_03_44,Cumin,WEST BENGAL,2017,1.47,1.46
639,yash_raj_productions,7_03_45,Garlic,ARUNACHAL PRADESH,2015,0.03,0.01
640,yash_raj_productions,7_03_45,Garlic,ARUNACHAL PRADESH,2016,0.03,0.01
641,yash_raj_productions,7_03_45,Garlic,ARUNACHAL PRADESH,2017,0.03,0.01
642,yash_raj_productions,7_03_45,Garlic,ASSAM,2015,10.39,76.95
643,yash_raj_productions,7_03_45,Garlic,ASSAM,2016,29.71,56.01
644,yash_raj_productions,7_03_45,Garlic,ASSAM,2017,10.35,61.61
645,yash_raj_productions,7_03_45,Garlic,BIHAR,2015,4.25,4
646,yash_raj_productions,7_03_45,Garlic,BIHAR,2016,1.95,2.94
647,yash_raj_productions,7_03_45,Garlic,BIHAR,2017,1.69,2.56
648,yash_raj_productions,7_03_45,Garlic,CHHATTISGARH,2015,1.34,3.6
649,yash_raj_productions,7_03_45,Garlic,CHHATTISGARH,2016,1.3,3.5
650,yash_raj_productions,7_03_45,Garlic,CHHATTISGARH,2017,1.23,3.45
651,yash_raj_productions,7_03_45,Garlic,GUJARAT,2015,40.6,318.2
652,yash_raj_productions,7_03_45,Garlic,GUJARAT,2016,10.1,79.15
653,yash_raj_productions,7_03_45,Garlic,GUJARAT,2017,19.08,151.01
654,yash_raj_productions,7_03_45,Garlic,HARYANA,2015,4.44,35.83
655,yash_raj_productions,7_03_45,Garlic,HARYANA,2016,5,32
656,yash_raj_productions,7_03_45,Garlic,HARYANA,2017,5,32
657,yash_raj_productions,7_03_45,Garlic,HIMACHAL PRADESH,2015,4.57,9.35
658,yash_raj_productions,7_03_45,Garlic,HIMACHAL PRADESH,2016,4.43,7.72
659,yash_raj_productions,7_03_45,Garlic,HIMACHAL PRADESH,2017,4.95,8.49
660,yash_raj_productions,7_03_45,Garlic,JAMMU & KASHMIR,2015,0.71,0.56
661,yash_raj_productions,7_03_45,Garlic,JAMMU & KASHMIR,2016,0.71,0.56
662,yash_raj_productions,7_03_45,Garlic,JAMMU & KASHMIR,2017,0.74,0.61
663,yash_raj_productions,7_03_45,Garlic,KARNATAKA,2015,4.73,5.19
664,yash_raj_productions,7_03_45,Garlic,KARNATAKA,2016,4.66,6.28
665,yash_raj_productions,7_03_45,Garlic,KARNATAKA,2017,6.53,5.42
666,yash_raj_productions,7_03_45,Garlic,KERALA,2015,0.06,0.37
667,yash_raj_productions,7_03_45,Garlic,KERALA,2016,0.76,0.37
668,yash_raj_productions,7_03_45,Garlic,KERALA,2017,0.07,0.4
669,yash_raj_productions,7_03_45,Garlic,MADHYA PRADESH,2015,81.17,424.5
670,yash_raj_productions,7_03_45,Garlic,MADHYA PRADESH,2016,92.5,405
671,yash_raj_productions,7_03_45,Garlic,MADHYA PRADESH,2017,92.5,405
672,yash_raj_productions,7_03_45,Garlic,MAHARASHTRA,2015,2.05,12.69
673,yash_raj_productions,7_03_45,Garlic,MAHARASHTRA,2016,2.45,14.31
674,yash_raj_productions,7_03_45,Garlic,MAHARASHTRA,2017,2.58,13.96
675,yash_raj_productions,7_03_45,Garlic,MANIPUR,2015,0.17,0
676,yash_raj_productions,7_03_45,Garlic,MANIPUR,2016,0.17,NA
677,yash_raj_productions,7_03_45,Garlic,MANIPUR,2017,0.17,0
678,yash_raj_productions,7_03_45,Garlic,MEGHALAYA,2015,0.28,1.11
679,yash_raj_productions,7_03_45,Garlic,MEGHALAYA,2016,0.28,1.11
680,yash_raj_productions,7_03_45,Garlic,MEGHALAYA,2017,0.28,1.11
681,yash_raj_productions,7_03_45,Garlic,MIZORAM,2015,0.02,0.01
682,yash_raj_productions,7_03_45,Garlic,MIZORAM,2016,0.02,0.01
683,yash_raj_productions,7_03_45,Garlic,MIZORAM,2017,0.02,0.01
684,yash_raj_productions,7_03_45,Garlic,NAGALAND,2015,0.29,2.89
685,yash_raj_productions,7_03_45,Garlic,NAGALAND,2016,0.29,2.98
686,yash_raj_productions,7_03_45,Garlic,NAGALAND,2017,0.3,3.06
687,yash_raj_productions,7_03_45,Garlic,ODISHA,2015,10.9,35.5
688,yash_raj_productions,7_03_45,Garlic,ODISHA,2016,10.9,35.5
689,yash_raj_productions,7_03_45,Garlic,ODISHA,2017,10.9,35.5
690,yash_raj_productions,7_03_45,Garlic,PUNJAB,2015,6.46,73.74
691,yash_raj_productions,7_03_45,Garlic,PUNJAB,2016,6.46,73.74
692,yash_raj_productions,7_03_45,Garlic,PUNJAB,2017,6.46,73.74
693,yash_raj_productions,7_03_45,Garlic,RAJASTHAN,2015,69.1,377.49
694,yash_raj_productions,7_03_45,Garlic,RAJASTHAN,2016,107.97,727.5
695,yash_raj_productions,7_03_45,Garlic,RAJASTHAN,2017,112.89,582.08
696,yash_raj_productions,7_03_45,Garlic,TAMIL NADU,2015,0.48,2.72
697,yash_raj_productions,7_03_45,Garlic,TAMIL NADU,2016,0.51,2.93
698,yash_raj_productions,7_03_45,Garlic,TAMIL NADU,2017,0.6,3.46
699,yash_raj_productions,7_03_45,Garlic,TELANGANA,2015,0.29,1.01
700,yash_raj_productions,7_03_45,Garlic,TELANGANA,2016,0.29,1.01
701,yash_raj_productions,7_03_45,Garlic,TELANGANA,2017,0.19,0.27
702,yash_raj_productions,7_03_45,Garlic,UTTAR PRADESH,2015,33.6,193.62
703,yash_raj_productions,7_03_45,Garlic,UTTAR PRADESH,2016,35.25,202.3
704,yash_raj_productions,7_03_45,Garlic,UTTAR PRADESH,2017,35.22,188.61
705,yash_raj_productions,7_03_45,Garlic,UTTARAKHAND,2015,1.29,1.93
706,yash_raj_productions,7_03_45,Garlic,UTTARAKHAND,2016,1.49,2.17
707,yash_raj_productions,7_03_45,Garlic,UTTARAKHAND,2017,1.49,2.17
708,yash_raj_productions,7_03_45,Garlic,WEST BENGAL,2015,3.73,36.07
709,yash_raj_productions,7_03_45,Garlic,WEST BENGAL,2016,3.7,36.1
710,yash_raj_productions,7_03_45,Garlic,WEST BENGAL,2017,3.7,36.1
711,yash_raj_productions,7_03_46,Ginger,ANDHRA PRADESH,2015,0.36,0.96
712,yash_raj_productions,7_03_46,Ginger,ANDHRA PRADESH,2016,0.51,1.77
713,yash_raj_productions,7_03_46,Ginger,ANDHRA PRADESH,2017,0.51,1.77
714,yash_raj_productions,7_03_46,Ginger,ARUNACHAL PRADESH,2015,7.65,56.58
715,yash_raj_productions,7_03_46,Ginger,ARUNACHAL PRADESH,2016,7.65,56.58
716,yash_raj_productions,7_03_46,Ginger,ARUNACHAL PRADESH,2017,7.65,56.58
717,yash_raj_productions,7_03_46,Ginger,ASSAM,2015,18.55,163.13
718,yash_raj_productions,7_03_46,Ginger,ASSAM,2016,18.73,166.54
719,yash_raj_productions,7_03_46,Ginger,ASSAM,2017,18.79,167.39
720,yash_raj_productions,7_03_46,Ginger,BIHAR,2015,0.56,0.84
721,yash_raj_productions,7_03_46,Ginger,BIHAR,2016,0.32,0.59
722,yash_raj_productions,7_03_46,Ginger,BIHAR,2017,0.26,0.49
723,yash_raj_productions,7_03_46,Ginger,CHHATTISGARH,2015,1.74,2.14
724,yash_raj_productions,7_03_46,Ginger,CHHATTISGARH,2016,1.84,2.21
725,yash_raj_productions,7_03_46,Ginger,CHHATTISGARH,2017,1.93,2.36
726,yash_raj_productions,7_03_46,Ginger,GUJARAT,2015,4.68,102.58
727,yash_raj_productions,7_03_46,Ginger,GUJARAT,2016,6.5,100.5
728,yash_raj_productions,7_03_46,Ginger,GUJARAT,2017,4.87,108.25
729,yash_raj_productions,7_03_46,Ginger,HARYANA,2015,0.45,5.65
730,yash_raj_productions,7_03_46,Ginger,HARYANA,2016,0.5,6
731,yash_raj_productions,7_03_46,Ginger,HARYANA,2017,0.5,6
732,yash_raj_productions,7_03_46,Ginger,HIMACHAL PRADESH,2015,2.27,14.58
733,yash_raj_productions,7_03_46,Ginger,HIMACHAL PRADESH,2016,2.28,14.5
734,yash_raj_productions,7_03_46,Ginger,HIMACHAL PRADESH,2017,2.51,15.95
735,yash_raj_productions,7_03_46,Ginger,JAMMU & KASHMIR,2015,0.02,0.03
736,yash_raj_productions,7_03_46,Ginger,JAMMU & KASHMIR,2016,0.02,0.03
737,yash_raj_productions,7_03_46,Ginger,JAMMU & KASHMIR,2017,0.02,0.03
738,yash_raj_productions,7_03_46,Ginger,KARNATAKA,2015,30.79,89.44
739,yash_raj_productions,7_03_46,Ginger,KARNATAKA,2016,29.29,109.34
740,yash_raj_productions,7_03_46,Ginger,KARNATAKA,2017,23.09,58.39
741,yash_raj_productions,7_03_46,Ginger,KERALA,2015,4.88,21.96
742,yash_raj_productions,7_03_46,Ginger,KERALA,2016,4.98,21.27
743,yash_raj_productions,7_03_46,Ginger,KERALA,2017,4.37,86.27
744,yash_raj_productions,7_03_46,Ginger,MADHYA PRADESH,2015,10.91,18.86
745,yash_raj_productions,7_03_46,Ginger,MADHYA PRADESH,2016,12.5,20.2
746,yash_raj_productions,7_03_46,Ginger,MADHYA PRADESH,2017,12.5,20.2
747,yash_raj_productions,7_03_46,Ginger,MAHARASHTRA,2015,11.67,209.41
748,yash_raj_productions,7_03_46,Ginger,MAHARASHTRA,2016,8.53,125.49
749,yash_raj_productions,7_03_46,Ginger,MAHARASHTRA,2017,9.45,140.6
750,yash_raj_productions,7_03_46,Ginger,MANIPUR,2015,2.4,3.84
751,yash_raj_productions,7_03_46,Ginger,MANIPUR,2016,2.4,3.84
752,yash_raj_productions,7_03_46,Ginger,MANIPUR,2017,2.4,3.84
753,yash_raj_productions,7_03_46,Ginger,MEGHALAYA,2015,9.85,65.43
754,yash_raj_productions,7_03_46,Ginger,MEGHALAYA,2016,9.94,66.37
755,yash_raj_productions,7_03_46,Ginger,MEGHALAYA,2017,9.94,66.2
756,yash_raj_productions,7_03_46,Ginger,MIZORAM,2015,8.07,31.68
757,yash_raj_productions,7_03_46,Ginger,MIZORAM,2016,8.21,59.99
758,yash_raj_productions,7_03_46,Ginger,MIZORAM,2017,8.55,60.13
759,yash_raj_productions,7_03_46,Ginger,NAGALAND,2015,3.74,55.23
760,yash_raj_productions,7_03_46,Ginger,NAGALAND,2016,4.84,48.21
761,yash_raj_productions,7_03_46,Ginger,NAGALAND,2017,4.87,48.65
762,yash_raj_productions,7_03_46,Ginger,ODISHA,2015,15.84,35
763,yash_raj_productions,7_03_46,Ginger,ODISHA,2016,16.57,31.99
764,yash_raj_productions,7_03_46,Ginger,ODISHA,2017,16.57,31.99
765,yash_raj_productions,7_03_46,Ginger,RAJASTHAN,2015,0.13,0.29
766,yash_raj_productions,7_03_46,Ginger,RAJASTHAN,2016,0.11,0.27
767,yash_raj_productions,7_03_46,Ginger,RAJASTHAN,2017,0.11,0.27
768,yash_raj_productions,7_03_46,Ginger,SIKKIM,2015,10.03,54.99
769,yash_raj_productions,7_03_46,Ginger,SIKKIM,2016,12.3,55.9
770,yash_raj_productions,7_03_46,Ginger,SIKKIM,2017,12.3,55.9
771,yash_raj_productions,7_03_46,Ginger,TAMIL NADU,2015,0.31,2.18
772,yash_raj_productions,7_03_46,Ginger,TAMIL NADU,2016,0.34,2.29
773,yash_raj_productions,7_03_46,Ginger,TAMIL NADU,2017,0.39,2.64
774,yash_raj_productions,7_03_46,Ginger,TELANGANA,2015,1.83,11.9
775,yash_raj_productions,7_03_46,Ginger,TELANGANA,2016,2.5,12.34
776,yash_raj_productions,7_03_46,Ginger,TELANGANA,2017,1.84,12.98
777,yash_raj_productions,7_03_46,Ginger,TRIPURA,2015,1.8,7.6
778,yash_raj_productions,7_03_46,Ginger,TRIPURA,2016,1.8,7.6
779,yash_raj_productions,7_03_46,Ginger,TRIPURA,2017,1.88,15.74
780,yash_raj_productions,7_03_46,Ginger,UTTAR PRADESH,2015,0.94,4.35
781,yash_raj_productions,7_03_46,Ginger,UTTAR PRADESH,2016,0.94,4.35
782,yash_raj_productions,7_03_46,Ginger,UTTAR PRADESH,2017,0.88,4.17
783,yash_raj_productions,7_03_46,Ginger,UTTARAKHAND,2015,2.06,19.6
784,yash_raj_productions,7_03_46,Ginger,UTTARAKHAND,2016,1.81,19.07
785,yash_raj_productions,7_03_46,Ginger,UTTARAKHAND,2017,1.81,19.07
786,yash_raj_productions,7_03_46,Ginger,WEST BENGAL,2015,11.89,129.02
787,yash_raj_productions,7_03_46,Ginger,WEST BENGAL,2016,11.99,130.4
788,yash_raj_productions,7_03_46,Ginger,WEST BENGAL,2017,11.99,130.4
789,yash_raj_productions,7_03_46,Ginger,OTHERS,2015,0.22,1.91
790,yash_raj_productions,7_03_46,Ginger,OTHERS,2016,0.22,1.91
791,yash_raj_productions,7_03_46,Ginger,OTHERS,2017,0.16,1.9
792,yash_raj_productions,7_03_47,Tamarind,ANDHRA PRADESH,2015,4.83,11.1
793,yash_raj_productions,7_03_47,Tamarind,ANDHRA PRADESH,2016,4.67,20.35
794,yash_raj_productions,7_03_47,Tamarind,ANDHRA PRADESH,2017,4.67,20.35
795,yash_raj_productions,7_03_47,Tamarind,KARNATAKA,2015,14.9,72.15
796,yash_raj_productions,7_03_47,Tamarind,KARNATAKA,2016,15,70.5
797,yash_raj_productions,7_03_47,Tamarind,KARNATAKA,2017,15,70.5
798,yash_raj_productions,7_03_47,Tamarind,KERALA,2015,11.24,37.3
799,yash_raj_productions,7_03_47,Tamarind,KERALA,2016,11,38.25
800,yash_raj_productions,7_03_47,Tamarind,KERALA,2017,10.61,36.47
801,yash_raj_productions,7_03_47,Tamarind,MADHYA PRADESH,2015,0,0
802,yash_raj_productions,7_03_47,Tamarind,MADHYA PRADESH,2016,0,0
803,yash_raj_productions,7_03_47,Tamarind,MADHYA PRADESH,2017,0.81,7.85
804,yash_raj_productions,7_03_47,Tamarind,MAHARASHTRA,2015,5.7,11.4
805,yash_raj_productions,7_03_47,Tamarind,MAHARASHTRA,2016,0.72,7.15
806,yash_raj_productions,7_03_47,Tamarind,MAHARASHTRA,2017,1.08,8.77
807,yash_raj_productions,7_03_47,Tamarind,MIZORAM,2015,0.01,0.03
808,yash_raj_productions,7_03_47,Tamarind,MIZORAM,2016,0.01,0.03
809,yash_raj_productions,7_03_47,Tamarind,MIZORAM,2017,0.01,0.03
810,yash_raj_productions,7_03_47,Tamarind,TAMIL NADU,2015,15.91,49.66
811,yash_raj_productions,7_03_47,Tamarind,TAMIL NADU,2016,15.43,48.06
812,yash_raj_productions,7_03_47,Tamarind,TAMIL NADU,2017,14.19,44.55
813,yash_raj_productions,7_03_47,Tamarind,TELANGANA,2015,0.24,12.49
814,yash_raj_productions,7_03_47,Tamarind,TELANGANA,2016,2,12.49
815,yash_raj_productions,7_03_47,Tamarind,TELANGANA,2017,2,12.49
816,yash_raj_productions,7_03_47,Tamarind,OTHERS,2015,0.06,0.28
817,yash_raj_productions,7_03_47,Tamarind,OTHERS,2016,0.06,0.32
818,yash_raj_productions,7_03_47,Tamarind,OTHERS,2017,0.06,0.26
819,yash_raj_productions,7_03_48,Turmeric,GUJARAT,2015,295.4,300.94
820,yash_raj_productions,7_03_48,Turmeric,GUJARAT,2016,278.7,284
821,yash_raj_productions,7_03_48,Turmeric,GUJARAT,2017,382.72,384.47
822,yash_raj_productions,7_03_48,Turmeric,HIMACHAL PRADESH,2015,0.08,0.02
823,yash_raj_productions,7_03_48,Turmeric,HIMACHAL PRADESH,2016,0.08,0.02
824,yash_raj_productions,7_03_48,Turmeric,HIMACHAL PRADESH,2017,0.08,0.02
825,yash_raj_productions,7_03_48,Turmeric,MADHYA PRADESH,2015,0,0
826,yash_raj_productions,7_03_48,Turmeric,MADHYA PRADESH,2016,0.33,0.45
827,yash_raj_productions,7_03_48,Turmeric,MADHYA PRADESH,2017,0.51,0.54
828,yash_raj_productions,7_03_48,Turmeric,RAJASTHAN,2015,511.08,200.85
829,yash_raj_productions,7_03_48,Turmeric,RAJASTHAN,2016,500.14,206.94
830,yash_raj_productions,7_03_48,Turmeric,RAJASTHAN,2017,581.36,302.17
831,yash_raj_productions,7_03_48,Turmeric,UTTAR PRADESH,2015,0,0
832,yash_raj_productions,7_03_48,Turmeric,UTTAR PRADESH,2016,0,0.01
833,yash_raj_productions,7_03_48,Turmeric,UTTAR PRADESH,2017,0,0.01
834,yash_raj_productions,7_03_48,Turmeric,UTTARAKHAND,2015,0,0.01
835,yash_raj_productions,7_03_48,Turmeric,UTTARAKHAND,2016,0,0
836,yash_raj_productions,7_03_48,Turmeric,UTTARAKHAND,2017,0,0
837,yash_raj_productions,7_03_48,Turmeric,WEST BENGAL,2015,1.46,1.45
838,yash_raj_productions,7_03_48,Turmeric,WEST BENGAL,2016,1.47,1.46
839,yash_raj_productions,7_03_48,Turmeric,WEST BENGAL,2017,1.47,1.46